{"entities":{"pages":{"SFML":{"id":"SFML","title":"SFML","url":"sfml.html","level":0,"tabIndex":0},"AudioSystem":{"id":"AudioSystem","title":"Audio System","url":"audiosystem.html","level":0,"tabIndex":1},"Default-topic":{"id":"Default-topic","title":"This is the first topic","url":"default-topic.html","level":0,"tabIndex":2},"Učitavanje-Podataka-fstream":{"id":"Učitavanje-Podataka-fstream","title":"Učitavanje Podataka (fstream)","url":"učitavanje-podataka-fstream.html","level":0,"tabIndex":3}}},"topLevelIds":["SFML","AudioSystem","Default-topic","Učitavanje-Podataka-fstream"]}