{"entities":{"pages":{"AudioSystem":{"id":"AudioSystem","title":"Audio System","url":"audiosystem.html","level":0,"tabIndex":0},"SFML":{"id":"SFML","title":"SFML","url":"sfml.html","level":0,"tabIndex":1},"Klase":{"id":"Klase","title":"Klase","url":"klase.html","level":0,"tabIndex":2},"Iznimke":{"id":"Iznimke","title":"Iznimke","url":"iznimke.html","level":0,"tabIndex":3},"Virtuelne-funckije":{"id":"Virtuelne-funckije","title":"Virtuelne funckije","url":"virtuelne-funckije.html","level":0,"tabIndex":4},"Nasleđivanje":{"id":"Nasleđivanje","title":"Nasljeđivanje","url":"nasleđivanje.html","level":0,"tabIndex":5},"Preopterećeni-operatori":{"id":"Preopterećeni-operatori","title":"Preopterećeni operatori","url":"preopterećeni-operatori.html","level":0,"tabIndex":6},"Učitavanje-Podataka-fstream":{"id":"Učitavanje-Podataka-fstream","title":"Učitavanje Podataka (fstream)","url":"učitavanje-podataka-fstream.html","level":0,"tabIndex":7},"Enumeracija":{"id":"Enumeracija","title":"Enumeracija","url":"enumeracija.html","level":0,"tabIndex":8}}},"topLevelIds":["AudioSystem","SFML","Klase","Iznimke","Virtuelne-funckije","Nasleđivanje","Preopterećeni-operatori","Učitavanje-Podataka-fstream","Enumeracija"]}